<?xml version="1.0" encoding="UTF-8"?>
<!DOCTYPE platform PUBLIC "-//NetBeans//DTD Java PlatformDefinition 1.0//EN" "http://www.netbeans.org/dtds/java-platformdefinition-1_0.dtd">
<platform default="no" name="JDK 11">
    <jdkhome>
        <resource>file:/usr/lib/jvm/java-11-openjdk-amd64/</resource>
    </jdkhome>
    <properties>
        <property name="platform.ant.name" value="JDK_11"/>
    </properties>
    <sysproperties>
        <property name="awt.toolkit" value="sun.awt.X11.XToolkit"/>
        <property name="file.encoding" value="UTF-8"/>
        <property name="file.separator" value="/"/>
        <property name="java.awt.graphicsenv" value="sun.awt.X11GraphicsEnvironment"/>
        <property name="java.awt.printerjob" value="sun.print.PSPrinterJob"/>
        <property name="java.class.path" value=""/>
        <property name="java.class.version" value="55.0"/>
        <property name="java.home" value="/usr/lib/jvm/java-11-openjdk-amd64"/>
        <property name="java.io.tmpdir" value="/tmp"/>
        <property name="java.library.path" value="/usr/java/packages/lib:/usr/lib/x86_64-linux-gnu/jni:/lib/x86_64-linux-gnu:/usr/lib/x86_64-linux-gnu:/usr/lib/jni:/lib:/usr/lib"/>
        <property name="java.runtime.name" value="OpenJDK Runtime Environment"/>
        <property name="java.runtime.version" value="11.0.19+7-post-Ubuntu-0ubuntu122.10.1"/>
        <property name="java.specification.name" value="Java Platform API Specification"/>
        <property name="java.specification.vendor" value="Oracle Corporation"/>
        <property name="java.specification.version" value="11"/>
        <property name="java.vendor" value="Ubuntu"/>
        <property name="java.vendor.url" value="https://ubuntu.com/"/>
        <property name="java.vendor.url.bug" value="https://bugs.launchpad.net/ubuntu/+source/openjdk-lts"/>
        <property name="java.version" value="11.0.19"/>
        <property name="java.version.date" value="2023-04-18"/>
        <property name="java.vm.compressedOopsMode" value="Zero based"/>
        <property name="java.vm.info" value="mixed mode, sharing"/>
        <property name="java.vm.name" value="OpenJDK 64-Bit Server VM"/>
        <property name="java.vm.specification.name" value="Java Virtual Machine Specification"/>
        <property name="java.vm.specification.vendor" value="Oracle Corporation"/>
        <property name="java.vm.specification.version" value="11"/>
        <property name="java.vm.vendor" value="Ubuntu"/>
        <property name="java.vm.version" value="11.0.19+7-post-Ubuntu-0ubuntu122.10.1"/>
        <property name="jdk.debug" value="release"/>
        <property name="line.separator" value="&#10;"/>
        <property name="os.arch" value="amd64"/>
        <property name="os.name" value="Linux"/>
        <property name="os.version" value="5.19.0-45-generic"/>
        <property name="path.separator" value=":"/>
        <property name="sun.arch.data.model" value="64"/>
        <property name="sun.boot.library.path" value="/usr/lib/jvm/java-11-openjdk-amd64/lib"/>
        <property name="sun.cpu.endian" value="little"/>
        <property name="sun.cpu.isalist" value=""/>
        <property name="sun.desktop" value="gnome"/>
        <property name="sun.io.unicode.encoding" value="UnicodeLittle"/>
        <property name="sun.java.command" value="J2SEPlatformProbe /tmp/nb-platformdetect798111278552916105properties"/>
        <property name="sun.java.launcher" value="SUN_STANDARD"/>
        <property name="sun.jnu.encoding" value="UTF-8"/>
        <property name="sun.management.compiler" value="HotSpot 64-Bit Tiered Compilers"/>
        <property name="sun.os.patch.level" value="unknown"/>
        <property name="user.country" value="ES"/>
        <property name="user.dir" value=""/>
        <property name="user.home" value="/home/carlos"/>
        <property name="user.language" value="es"/>
        <property name="user.name" value="carlos"/>
        <property name="user.timezone" value="Europe/Madrid"/>
    </sysproperties>
</platform>
