<?xml version="1.0" encoding="UTF-8"?>
<!DOCTYPE fontscolors PUBLIC "-//NetBeans//DTD Editor Fonts and Colors settings 1.2//EN" "https://netbeans.apache.org/dtds/EditorFontsColors-1_2.dtd">
<fontscolors>
    <fontcolor bgColor="magenta" foreColor="black" name="mark-occurrences"/>
    <fontcolor foreColor="blue" name="number"/>
    <fontcolor bgColor="black" foreColor="white" name="default">
        <font name="Monospaced" size="18" style="plain"/>
    </fontcolor>
    <fontcolor foreColor="white" name="string"/>
    <fontcolor default="identifier" foreColor="white" name="method"/>
    <fontcolor foreColor="green" name="char"/>
    <fontcolor foreColor="orange" name="comment"/>
    <fontcolor foreColor="orange" name="operator"/>
</fontscolors>
