<?xml version="1.0" encoding="UTF-8"?>
<!DOCTYPE fontscolors PUBLIC "-//NetBeans//DTD Editor Fonts and Colors settings 1.2//EN" "https://netbeans.apache.org/dtds/EditorFontsColors-1_2.dtd">
<fontscolors>
    <fontcolor bgColor="ffd7e6cb" foreColor="black" name="mark-occurrences"/>
    <fontcolor foreColor="white" name="number"/>
    <fontcolor bgColor="black" foreColor="white" name="default">
        <font name="Monospaced" size="17" style="plain"/>
    </fontcolor>
    <fontcolor default="identifier" foreColor="orange" name="method"/>
    <fontcolor foreColor="ff1e9347" name="char">
        <font style="bold"/>
    </fontcolor>
    <fontcolor foreColor="lightGray" name="comment"/>
    <fontcolor foreColor="orange" name="operator"/>
    <fontcolor foreColor="blue" name="url" underline="ff287bde"/>
</fontscolors>
