<?xml version="1.0" encoding="UTF-8"?>
<!DOCTYPE fontscolors PUBLIC "-//NetBeans//DTD Editor Fonts and Colors settings 1.2//EN" "https://netbeans.apache.org/dtds/EditorFontsColors-1_2.dtd">
<fontscolors>
    <fontcolor bgColor="ffffffe0" name="coverage-partial"/>
    <fontcolor bgColor="white" foreColor="black" name="readonly-files"/>
    <fontcolor bgColor="white" foreColor="black" name="highlight-caret-row"/>
    <fontcolor foreColor="green" name="caret-color-overwrite-mode"/>
    <fontcolor bgColor="ffccffcc" foreColor="red" name="coverage-covered"/>
    <fontcolor bgColor="ffdfdfdf" foreColor="blue" name="guarded"/>
    <fontcolor foreColor="cyan" name="trailing-whitespace"/>
    <fontcolor bgColor="lightGray" foreColor="black" name="selection"/>
    <fontcolor bgColor="ffe0ffe0" foreColor="black" name="coverage-inferred"/>
    <fontcolor bgColor="ffffcccc" name="coverage-uncovered"/>
    <fontcolor bgColor="ffccffcc" foreColor="black" name="remove-surround-code-remain"/>
    <fontcolor bgColor="ffccffcc" foreColor="gray" name="nbeditor-bracesMatching-match-multichar"/>
    <fontcolor foreColor="yellow" name="caret-color-insert-mode"/>
    <fontcolor bgColor="fff5f5f5" foreColor="ffb4b4b4" name="remove-surround-code-delete"/>
</fontscolors>
