<?xml version="1.0" encoding="UTF-8"?>
<!DOCTYPE fontscolors PUBLIC "-//NetBeans//DTD Editor Fonts and Colors settings 1.2//EN" "https://netbeans.apache.org/dtds/EditorFontsColors-1_2.dtd">
<fontscolors>
    <fontcolor bgColor="black" name="guarded"/>
    <fontcolor bgColor="ffccffcc" foreColor="black" name="nbeditor-bracesMatching-match"/>
    <fontcolor bgColor="ffffffe0" foreColor="black" name="coverage-partial"/>
    <fontcolor bgColor="ffe0ffe0" foreColor="blue" name="coverage-inferred"/>
    <fontcolor bgColor="ffffcccc" name="coverage-uncovered"/>
    <fontcolor bgColor="ffdfdfdf" foreColor="black" name="readonly-files"/>
    <fontcolor bgColor="fff9f4e0" foreColor="black" name="highlight-caret-row"/>
    <fontcolor bgColor="ffccffcc" foreColor="black" name="remove-surround-code-remain"/>
    <fontcolor bgColor="black" name="nbeditor-bracesMatching-match-multichar"/>
    <fontcolor bgColor="black" foreColor="ffb4b4b4" name="remove-surround-code-delete"/>
    <fontcolor bgColor="ffccffcc" foreColor="black" name="coverage-covered"/>
</fontscolors>
